request_id,amount_safe_to_pay,affordability_status,recommended_payment_method,payment_plan,earliest_date_for_full_payment,spending_changes_needed,decision_explanation
request_26,15656000.0,affordable_now,full_payment,2025-08-03:15656000,2025-08-03,none,"Pay IDR 15,656,000 today. This leaves at least IDR 24,768,300 available over the next 90 days."
request_27,6670.0,affordable_now,full_payment,2026-07-05:6670,2026-07-05,none,"Pay ZAR 6,670 today. This leaves at least ZAR 20,500 available over the next 90 days."
request_28,289.23,affordable_later,wait,2024-08-15:1302.40,2024-08-15,none,"Wait until 2024-08-15, then pay EUR 1,302.40 in full. Paying sooner would put the EUR 1,100 minimum at risk."
request_29,1855.43,not_affordable,not_recommended,none,,none,"Do not make this payment by 2025-11-23. None of the available options keeps the ZAR 28,300 minimum protected."
request_30,775.2,affordable_with_plan,installments,2026-04-06:268.74|2026-05-06:268.74|2026-06-05:268.74,2026-04-06,none,"Use 3 installments of USD 268.74, starting 2026-04-06. This leaves at least USD 900 available."
request_31,2700039.54,affordable_later,wait,2024-11-15:18164000,2024-11-15,none,"Wait until 2024-11-15, then pay IDR 18,164,000 in full. Paying sooner would put the IDR 16,588,900 minimum at risk."
request_32,13339.36,not_affordable,not_recommended,none,,none,"Do not make this payment by 2025-04-15. None of the available options keeps the ZAR 35,700 minimum protected."
request_33,30731.19,affordable_later,wait,2026-03-15:118000,2026-03-15,none,"Wait until 2026-03-15, then pay INR 118,000 in full. Paying sooner would put the INR 102,100 minimum at risk."
request_34,129400.0,affordable_now,full_payment,2024-12-04:129400,2024-12-04,none,"Pay INR 129,400 today. This leaves at least INR 138,500 available over the next 90 days."
request_35,22868.82,affordable_later,wait,2026-01-15:212000,2026-01-15,none,"Wait until 2026-01-15, then pay INR 212,000 in full. Paying sooner would put the INR 106,400 minimum at risk."
request_36,588.71,affordable_later,wait,2026-09-15:3954,2026-09-15,none,"Wait until 2026-09-15, then pay USD 3,954 in full. Paying sooner would put the USD 2,400 minimum at risk."
request_37,4367687.17,not_affordable,not_recommended,none,,none,"Do not make this payment by 2024-05-15. None of the available options keeps the IDR 17,056,200 minimum protected."
request_38,0.0,not_affordable,not_recommended,none,,none,Do not make this payment by 2025-10-15. None of the available options keeps the EUR 400 minimum protected.
request_39,57446.05,affordable_later,wait,2026-06-15:208600,2026-06-15,none,"Wait until 2026-06-15, then pay INR 208,600 in full. Paying sooner would put the INR 213,400 minimum at risk."
request_40,355.74,not_affordable,not_recommended,none,,none,"Do not make this payment by 2024-08-15. None of the available options keeps the EUR 1,500 minimum protected."
request_41,8655904.32,affordable_later,wait,2026-01-15:38760000,2026-01-15,none,"Wait until 2026-01-15, then pay IDR 38,760,000 in full. Paying sooner would put the IDR 25,366,600 minimum at risk."
request_42,38195.24,not_affordable,not_recommended,none,,none,"Do not make this payment by 2026-03-15. None of the available options keeps the INR 113,100 minimum protected."
request_43,0.0,not_affordable,not_recommended,none,,none,"Do not make this payment by 2024-11-15. None of the available options keeps the IDR 21,398,000 minimum protected."
request_44,30429.04,not_affordable,not_recommended,none,,none,"Do not make this payment by 2025-04-15. None of the available options keeps the INR 82,900 minimum protected."
request_45,3361778.45,affordable_later,wait,2026-09-15:21983000,2026-09-15,none,"Wait until 2026-09-15, then pay IDR 21,983,000 in full. Paying sooner would put the IDR 11,149,800 minimum at risk."
request_46,35318.22,affordable_with_plan,partial_payment,2024-12-03:35318.22|2024-12-15:14131.78,2024-12-15,none,"Pay INR 35,318.22 on 2024-12-03, then INR 14,131.78 on 2024-12-15. This leaves at least INR 84,000 available."
request_47,19891481.74,not_affordable,not_recommended,none,,none,"Do not make this payment by 2025-06-19. None of the available options keeps the IDR 30,049,000 minimum protected."
request_48,45700.0,affordable_now,full_payment,2026-07-25:45700,2026-07-25,none,"Pay INR 45,700 today. This leaves at least INR 71,300 available over the next 90 days."
request_49,12655596.66,affordable_with_plan,installments,2024-03-18:11902106.67|2024-04-18:11902106.67|2024-05-19:11902106.67,2024-05-15,reduce_to:event_4569:368600,"Use 3 installments of IDR 11,902,106.67, starting 2024-03-18. This leaves at least IDR 20,275,700 available."
request_50,43900.0,affordable_now,full_payment,2025-08-06:43900,2025-08-06,none,"Pay INR 43,900 today. This leaves at least INR 99,700 available over the next 90 days."
request_51,2191000.0,affordable_now,full_payment,2026-01-03:2191000,2026-01-03,none,"Pay IDR 2,191,000 today. This leaves at least IDR 7,811,000 available over the next 90 days."
request_52,19241.76,affordable_later,wait,2024-06-15:28870,2024-06-15,none,"Wait until 2024-06-15, then pay INR 28,870 in full. Paying sooner would put the INR 41,500 minimum at risk."
request_53,464.04,affordable_with_plan,installments,2025-11-21:589.06|2025-12-19:589.06|2026-01-16:589.06,2026-01-15,stop:event_4925,"Use 3 installments of USD 589.06, starting 2025-11-21. This leaves at least USD 2,100 available."
request_54,2083.52,not_affordable,not_recommended,none,,none,"Do not make this payment by 2026-08-21. None of the available options keeps the ZAR 37,000 minimum protected."
request_55,128738.85,affordable_with_plan,installments,2026-06-11:75781.33|2026-07-12:75781.33|2026-08-12:75781.33,2026-07-15,stop:event_5101,"Use 3 installments of INR 75,781.33, starting 2026-06-11. This leaves at least INR 124,300 available."
request_56,632.95,affordable_with_plan,partial_payment,2025-02-03:632.95|2025-02-15:248.61,2025-02-15,none,"Pay USD 632.95 on 2025-02-03, then USD 248.61 on 2025-02-15. This leaves at least USD 2,100 available."
request_57,12819.59,affordable_later,wait,2026-06-15:61446,2026-06-15,none,"Wait until 2026-06-15, then pay ZAR 61,446 in full. Paying sooner would put the ZAR 42,700 minimum at risk."
request_58,16226000.0,affordable_now,full_payment,2024-12-07:16226000,2024-12-07,none,"Pay IDR 16,226,000 today. This leaves at least IDR 14,433,900 available over the next 90 days."
request_59,140600.0,affordable_with_plan,installments,2025-05-07:48741.33|2025-06-04:48741.33|2025-07-02:48741.33,2025-05-04,none,"Use 3 installments of INR 48,741.33, starting 2025-05-07. This leaves at least INR 132,600 available."
request_60,131.75,affordable_later,wait,2026-01-15:199.89,2026-01-15,none,"Wait until 2026-01-15, then pay USD 199.89 in full. Paying sooner would put the USD 400 minimum at risk."
request_61,29062.0,affordable_with_plan,installments,2024-03-17:10074.83|2024-04-17:10074.83|2024-05-18:10074.83,2024-03-03,none,"Use 3 installments of ZAR 10,074.83, starting 2024-03-17. This leaves at least ZAR 36,700 available."
request_62,404.23,affordable_now,full_payment,2025-08-05:404.23,2025-08-05,none,"Pay USD 404.23 today. This leaves at least USD 1,300 available over the next 90 days."
request_63,41687.6,not_affordable,not_recommended,none,,none,"Do not make this payment by 2026-09-17. None of the available options keeps the INR 153,500 minimum protected."
request_64,0.0,not_affordable,not_recommended,none,,none,"Do not make this payment by 2024-08-16. None of the available options keeps the INR 36,100 minimum protected."
request_65,0.0,not_affordable,not_recommended,none,,none,"Do not make this payment by 2025-11-25. None of the available options keeps the ZAR 15,500 minimum protected."
request_66,22200.0,affordable_now,full_payment,2026-04-03:22200,2026-04-03,none,"Pay INR 22,200 today. This leaves at least INR 80,700 available over the next 90 days."
request_67,300.78,affordable_later,wait,2024-11-15:2094,2024-11-15,none,"Wait until 2024-11-15, then pay USD 2,094 in full. Paying sooner would put the USD 1,200 minimum at risk."
request_68,1333.62,affordable_with_plan,installments,2025-02-14:725.09|2025-03-14:725.09|2025-04-11:725.09,2025-03-23,stop:event_6330,"Use 3 installments of USD 725.09, starting 2025-02-14. This leaves at least USD 1,500 available."
request_69,529.1,affordable_now,full_payment,2026-01-04:529.10,2026-01-04,none,Pay EUR 529.10 today. This leaves at least EUR 700 available over the next 90 days.
request_70,50476.8,affordable_later,wait,2025-02-15:243900,2025-02-15,none,"Wait until 2025-02-15, then pay INR 243,900 in full. Paying sooner would put the INR 115,000 minimum at risk."
request_71,492540.66,not_affordable,not_recommended,none,,none,"Do not make this payment by 2025-05-28. None of the available options keeps the IDR 8,884,800 minimum protected."
request_72,11330.0,affordable_now,full_payment,2026-07-05:11330,2026-07-05,none,"Pay ZAR 11,330 today. This leaves at least ZAR 12,200 available over the next 90 days."
request_73,71400.0,affordable_now,full_payment,2023-01-20:71400,2023-01-20,none,"Pay INR 71,400 today. This leaves at least INR 103,200 available over the next 90 days."
request_74,5010.0,affordable_now,full_payment,2025-08-04:5010,2025-08-04,none,"Pay ZAR 5,010 today. This leaves at least ZAR 21,900 available over the next 90 days."
request_75,13211.62,affordable_with_plan,installments,2026-04-09:9800.27|2026-05-09:9800.27|2026-06-08:9800.27,,reduce_to:event_6960:479.60|reduce_to:event_6998:991.10,"Use 3 installments of ZAR 9,800.27, starting 2026-04-09. This leaves at least ZAR 39,000 available."
request_76,717.14,not_affordable,not_recommended,none,,none,"Do not make this payment by 2024-07-30. None of the available options keeps the USD 1,800 minimum protected."
request_77,59542.65,not_affordable,not_recommended,none,2025-11-15,none,"Do not make this payment by 2025-11-14. None of the available options keeps the INR 82,200 minimum protected."
request_78,48074.37,not_affordable,not_recommended,none,2025-10-15,none,"Do not make this payment by 2025-10-14. None of the available options keeps the INR 55,200 minimum protected."
request_79,313.14,not_affordable,not_recommended,none,,none,"Do not make this payment by 2024-11-01. None of the available options keeps the EUR 1,000 minimum protected."
request_80,110008.68,not_affordable,not_recommended,none,,none,"Do not make this payment by 2025-02-21. None of the available options keeps the INR 121,300 minimum protected."
request_81,2076.0,affordable_now,full_payment,2026-07-03:2076,2026-07-03,none,"Pay USD 2,076 today. This leaves at least USD 1,600 available over the next 90 days."
request_82,313.89,affordable_later,wait,2025-02-15:1405.20,2025-02-15,none,"Wait until 2025-02-15, then pay USD 1,405.20 in full. Paying sooner would put the USD 1,100 minimum at risk."
request_83,0.0,not_affordable,not_recommended,none,,none,"Do not make this payment by 2025-06-17. None of the available options keeps the INR 37,800 minimum protected."
request_84,29362.69,affordable_later,wait,2026-06-15:95400,2026-06-15,none,"Wait until 2026-06-15, then pay INR 95,400 in full. Paying sooner would put the INR 91,300 minimum at risk."
request_85,392399.89,not_affordable,not_recommended,none,,none,"Do not make this payment by 2024-04-26. None of the available options keeps the IDR 6,396,300 minimum protected."
request_86,46300.0,affordable_now,full_payment,2025-08-03:46300,2025-08-03,none,"Pay INR 46,300 today. This leaves at least INR 84,900 available over the next 90 days."
request_87,0.0,not_affordable,not_recommended,none,,none,"Do not make this payment by 2026-03-15. None of the available options keeps the INR 185,900 minimum protected."
request_88,10735.77,affordable_with_plan,installments,2024-06-14:9045.23|2024-07-15:9045.23|2024-08-15:9045.23,2024-07-15,none,"Use 3 installments of ZAR 9,045.23, starting 2024-06-14. This leaves at least ZAR 25,800 available."
request_89,9392480.17,affordable_with_plan,installments,2025-11-18:4768746.67|2025-12-16:4768746.67|2026-01-13:4768746.67,2026-01-15,reduce_to:event_8337:266760,"Use 3 installments of IDR 4,768,746.67, starting 2025-11-18. This leaves at least IDR 12,534,700 available."
request_90,2560.0,affordable_now,full_payment,2026-07-06:2560,2026-07-06,none,"Pay ZAR 2,560 today. This leaves at least ZAR 7,600 available over the next 90 days."
request_91,316.2,affordable_later,wait,2024-11-15:1927.20,2024-11-15,none,"Wait until 2024-11-15, then pay EUR 1,927.20 in full. Paying sooner would put the EUR 2,100 minimum at risk."
request_92,34034.0,affordable_now,full_payment,2025-02-05:34034,2025-02-05,none,"Pay ZAR 34,034 today. This leaves at least ZAR 28,100 available over the next 90 days."
request_93,1729.2,affordable_now,full_payment,2026-04-07:1729.20,2026-04-07,none,"Pay USD 1,729.20 today. This leaves at least USD 1,900 available over the next 90 days."
request_94,572.0,affordable_now,full_payment,2024-12-04:572,2024-12-04,none,Pay EUR 572 today. This leaves at least EUR 600 available over the next 90 days.
request_95,4648.02,not_affordable,not_recommended,none,,none,"Do not make this payment by 2025-07-14. None of the available options keeps the INR 145,500 minimum protected."
request_96,72758.96,affordable_with_plan,installments,2026-01-10:31269.33|2026-02-09:31269.33|2026-03-11:31269.33,2026-02-15,stop:event_8914,"Use 3 installments of INR 31,269.33, starting 2026-01-10. This leaves at least INR 56,500 available."
request_97,1599.8,affordable_with_plan,installments,2024-03-19:8145.28|2024-04-19:8145.28|2024-05-20:8145.28,2024-04-15,none,"Use 3 installments of ZAR 8,145.28, starting 2024-03-19. This leaves at least ZAR 29,700 available."
request_98,7501.74,affordable_later,wait,2025-10-15:27148,2025-10-15,none,"Wait until 2025-10-15, then pay ZAR 27,148 in full. Paying sooner would put the ZAR 30,000 minimum at risk."
request_99,17445.43,not_affordable,not_recommended,none,2026-07-15,none,"Do not make this payment by 2026-07-14. None of the available options keeps the ZAR 49,100 minimum protected."
request_100,25169.04,affordable_with_plan,installments,2024-06-13:12866.19|2024-07-14:12866.19|2024-08-14:12866.19,2024-07-15,stop:event_9267,"Use 3 installments of ZAR 12,866.19, starting 2024-06-13. This leaves at least ZAR 32,500 available."
request_101,143500.0,affordable_now,full_payment,2025-11-03:143500,2025-11-03,none,"Pay INR 143,500 today. This leaves at least INR 187,400 available over the next 90 days."
request_102,1716.0,affordable_with_plan,installments,2026-04-05:594.88|2026-05-05:594.88|2026-06-04:594.88,2026-04-05,none,"Use 3 installments of EUR 594.88, starting 2026-04-05. This leaves at least EUR 900 available."
request_103,2146.57,not_affordable,not_recommended,none,,none,"Do not make this payment by 2024-10-07. None of the available options keeps the INR 125,500 minimum protected."
request_104,17204.0,affordable_now,full_payment,2025-02-04:17204,2025-02-04,none,"Pay ZAR 17,204 today. This leaves at least ZAR 24,700 available over the next 90 days."
request_105,51146.87,not_affordable,not_recommended,none,2026-06-15,none,"Do not make this payment by 2026-06-14. None of the available options keeps the INR 73,900 minimum protected."
request_106,463.22,affordable_later,wait,2025-02-15:2207.70,2025-02-15,none,"Wait until 2025-02-15, then pay EUR 2,207.70 in full. Paying sooner would put the EUR 1,200 minimum at risk."
request_107,2416.94,affordable_with_plan,installments,2025-05-08:878.59|2025-06-05:878.59|2025-07-03:878.59,2025-05-15,none,"Use 3 installments of EUR 878.59, starting 2025-05-08. This leaves at least EUR 1,600 available."
request_108,1717.39,not_affordable,not_recommended,none,2026-09-15,none,"Do not make this payment by 2026-07-26. None of the available options keeps the ZAR 24,100 minimum protected."
request_109,522.09,affordable_with_plan,installments,2024-03-18:645.98|2024-04-18:645.98|2024-05-19:645.98,2024-05-15,none,"Use 3 installments of EUR 645.98, starting 2024-03-18. This leaves at least EUR 1,700 available."
request_110,22352.0,affordable_with_plan,installments,2025-08-06:7748.69|2025-09-03:7748.69|2025-10-01:7748.69,2025-08-06,none,"Use 3 installments of ZAR 7,748.69, starting 2025-08-06. This leaves at least ZAR 11,200 available."
request_111,16625000.0,affordable_now,full_payment,2026-04-03:16625000,2026-04-03,none,"Pay IDR 16,625,000 today. This leaves at least IDR 23,022,800 available over the next 90 days."
request_112,271.7,affordable_now,full_payment,2024-06-05:271.70,2024-06-05,none,Pay EUR 271.70 today. This leaves at least EUR 500 available over the next 90 days.
request_113,21740.4,affordable_later,wait,2026-09-15:36500,2026-09-15,none,"Wait until 2026-09-15, then pay INR 36,500 in full. Paying sooner would put the INR 82,300 minimum at risk."
request_114,58948.03,not_affordable,not_recommended,none,2026-01-15,none,"Do not make this payment by 2026-01-14. None of the available options keeps the INR 113,400 minimum protected."
request_115,0.0,not_affordable,not_recommended,none,,none,"Do not make this payment by 2024-11-15. None of the available options keeps the INR 38,800 minimum protected."
request_116,9179.84,not_affordable,not_recommended,none,,none,"Do not make this payment by 2025-04-16. None of the available options keeps the INR 80,300 minimum protected."
request_117,859.1,not_affordable,not_recommended,none,2026-07-15,none,"Do not make this payment by 2026-07-14. None of the available options keeps the EUR 1,000 minimum protected."
request_118,0.0,not_affordable,not_recommended,none,,none,Do not make this payment by 2025-02-08. None of the available options keeps the EUR 600 minimum protected.
request_119,0.0,not_affordable,not_recommended,none,,none,"Do not make this payment by 2025-07-17. None of the available options keeps the INR 151,200 minimum protected."
request_120,7714000.0,affordable_now,full_payment,2026-04-06:7714000,2026-04-06,none,"Pay IDR 7,714,000 today. This leaves at least IDR 20,050,300 available over the next 90 days."
request_121,633.6,affordable_now,full_payment,2024-03-03:633.60,2024-03-03,none,Pay USD 633.60 today. This leaves at least USD 800 available over the next 90 days.
request_122,20558000.0,affordable_with_plan,installments,2025-08-05:7126773.33|2025-09-02:7126773.33|2025-09-30:7126773.33,2025-08-05,none,"Use 3 installments of IDR 7,126,773.33, starting 2025-08-05. This leaves at least IDR 12,588,500 available."
request_123,4076000.0,affordable_now,full_payment,2026-01-07:4076000,2026-01-07,none,"Pay IDR 4,076,000 today. This leaves at least IDR 18,091,200 available over the next 90 days."
request_124,1392.45,affordable_with_plan,installments,2024-06-11:1076.12|2024-07-12:1076.12|2024-08-12:1076.12,2024-07-15,stop:event_11448,"Use 3 installments of EUR 1,076.12, starting 2024-06-11. This leaves at least EUR 1,600 available."
request_125,5834.63,not_affordable,not_recommended,none,2025-11-15,none,"Do not make this payment by 2025-11-14. None of the available options keeps the ZAR 11,300 minimum protected."
request_126,159600.0,affordable_now,full_payment,2026-07-03:159600,2026-07-03,none,"Pay INR 159,600 today. This leaves at least INR 129,700 available over the next 90 days."
request_127,0.0,not_affordable,not_recommended,none,,none,"Do not make this payment by 2024-10-18. None of the available options keeps the ZAR 41,000 minimum protected."
request_128,0.0,not_affordable,not_recommended,none,,none,"Do not make this payment by 2025-02-14. None of the available options keeps the ZAR 42,600 minimum protected."
request_129,0.0,not_affordable,not_recommended,none,,none,Do not make this payment by 2026-06-18. None of the available options keeps the USD 800 minimum protected.
request_130,373.31,affordable_later,wait,2025-02-15:1978.80,2025-02-15,none,"Wait until 2025-02-15, then pay USD 1,978.80 in full. Paying sooner would put the USD 1,400 minimum at risk."
request_131,1134.44,affordable_with_plan,installments,2025-05-06:643.14|2025-06-03:643.14|2025-07-01:643.14,2025-07-23,reduce_to:event_12065:21.20,"Use 3 installments of USD 643.14, starting 2025-05-06. This leaves at least USD 1,100 available."
request_132,288.13,affordable_later,wait,2026-01-15:379.86,2026-01-15,none,"Wait until 2026-01-15, then pay USD 379.86 in full. Paying sooner would put the USD 1,100 minimum at risk."
request_133,0.0,not_affordable,not_recommended,none,,none,"Do not make this payment by 2024-03-29. None of the available options keeps the IDR 9,986,200 minimum protected."
request_134,4461408.14,affordable_later,wait,2025-10-15:21831000,2025-10-15,none,"Wait until 2025-10-15, then pay IDR 21,831,000 in full. Paying sooner would put the IDR 15,902,500 minimum at risk."
request_135,283.19,not_affordable,not_recommended,none,2026-07-15,none,Do not make this payment by 2026-07-14. None of the available options keeps the USD 500 minimum protected.
request_136,528.5,not_affordable,not_recommended,none,2024-06-15,none,"Do not make this payment by 2024-06-14. None of the available options keeps the USD 1,100 minimum protected."
request_137,24172.15,not_affordable,not_recommended,none,,none,"Do not make this payment by 2026-01-15. None of the available options keeps the INR 71,800 minimum protected."
request_138,748.27,affordable_with_plan,partial_payment,2026-04-07:748.27|2026-04-15:508.67,2026-04-15,none,"Pay EUR 748.27 on 2026-04-07, then EUR 508.67 on 2026-04-15. This leaves at least EUR 2,300 available."
request_139,1247.41,not_affordable,not_recommended,none,2024-11-15,none,"Do not make this payment by 2024-11-17. None of the available options keeps the USD 1,500 minimum protected."
request_140,1428.8,not_affordable,not_recommended,none,,none,"Do not make this payment by 2025-03-04. None of the available options keeps the ZAR 21,600 minimum protected."
request_141,20438.08,not_affordable,not_recommended,none,,none,"Do not make this payment by 2026-02-12. None of the available options keeps the INR 67,300 minimum protected."
request_142,1263.6,affordable_now,full_payment,2024-12-05:1263.60,2024-12-05,none,"Pay USD 1,263.60 today. This leaves at least USD 1,700 available over the next 90 days."
request_143,0.0,not_affordable,not_recommended,none,,none,"Do not make this payment by 2025-07-15. None of the available options keeps the ZAR 11,300 minimum protected."
request_144,233.34,affordable_now,full_payment,2026-07-04:233.34,2026-07-04,none,Pay USD 233.34 today. This leaves at least USD 600 available over the next 90 days.
request_145,27650.11,affordable_with_plan,installments,2024-03-20:75365.33|2024-04-20:75365.33|2024-05-21:75365.33,2024-05-15,reduce_to:event_13341:2920,"Use 3 installments of INR 75,365.33, starting 2024-03-20. This leaves at least INR 155,400 available."
request_146,16037.1,not_affordable,not_recommended,none,,none,"Do not make this payment by 2025-10-17. None of the available options keeps the INR 108,600 minimum protected."
request_147,0.0,not_affordable,not_recommended,none,,none,Do not make this payment by 2026-06-07. None of the available options keeps the EUR 900 minimum protected.
request_148,7127.02,affordable_with_plan,installments,2024-06-14:7710.56|2024-07-15:7710.56|2024-08-15:7710.56,2024-08-15,stop:event_13593,"Use 3 installments of ZAR 7,710.56, starting 2024-06-14. This leaves at least ZAR 20,000 available."
request_149,22257.37,affordable_with_plan,installments,2025-11-18:12706.03|2025-12-16:12706.03|2026-01-13:12706.03,2025-12-15,none,"Use 3 installments of ZAR 12,706.03, starting 2025-11-18. This leaves at least ZAR 42,100 available."
request_150,274.63,affordable_with_plan,installments,2026-01-06:171.98|2026-02-05:171.98|2026-03-07:171.98,2026-03-15,stop:event_13786,"Use 3 installments of EUR 171.98, starting 2026-01-06. This leaves at least EUR 700 available."
request_151,0.0,not_affordable,not_recommended,none,,none,"Do not make this payment by 2024-09-14. None of the available options keeps the IDR 31,633,600 minimum protected."
request_152,11084.9,affordable_with_plan,installments,2025-02-12:4812.43|2025-03-12:4812.43|2025-04-09:4812.43,2025-04-15,reduce_to:event_14024:234.30,"Use 3 installments of ZAR 4,812.43, starting 2025-02-12. This leaves at least ZAR 11,900 available."
request_153,15.2,not_affordable,not_recommended,none,,none,"Do not make this payment by 2026-09-24. None of the available options keeps the USD 1,400 minimum protected."
request_154,1625.8,affordable_with_plan,installments,2024-12-04:563.61|2025-01-04:563.61|2025-02-04:563.61,2024-12-04,reduce_to:event_14186:27.20,"Use 3 installments of EUR 563.61, starting 2024-12-04. This leaves at least EUR 1,300 available."
request_155,13179.15,not_affordable,not_recommended,none,,none,"Do not make this payment by 2025-05-20. None of the available options keeps the INR 56,300 minimum protected."
request_156,8393.66,affordable_later,wait,2026-06-15:43076,2026-06-15,none,"Wait until 2026-06-15, then pay ZAR 43,076 in full. Paying sooner would put the ZAR 26,900 minimum at risk."
request_157,4775248.01,affordable_later,wait,2024-05-15:23503000,2024-05-15,none,"Wait until 2024-05-15, then pay IDR 23,503,000 in full. Paying sooner would put the IDR 15,714,100 minimum at risk."
request_158,242600.0,affordable_with_plan,installments,2025-08-07:84101.33|2025-09-04:84101.33|2025-10-02:84101.33,2025-08-07,none,"Use 3 installments of INR 84,101.33, starting 2025-08-07. This leaves at least INR 131,400 available."
request_159,3943.09,not_affordable,not_recommended,none,,none,"Do not make this payment by 2026-03-20. None of the available options keeps the ZAR 8,700 minimum protected."
request_160,569.52,affordable_with_plan,installments,2024-06-13:432.05|2024-07-14:432.05|2024-08-14:432.05,2024-07-15,none,"Use 3 installments of EUR 432.05, starting 2024-06-13. This leaves at least EUR 1,200 available."
request_161,6906804.19,affordable_later,wait,2025-11-15:21204000,2025-11-15,none,"Wait until 2025-11-15, then pay IDR 21,204,000 in full. Paying sooner would put the IDR 23,010,400 minimum at risk."
request_162,1255094.81,not_affordable,not_recommended,none,,none,"Do not make this payment by 2026-08-26. None of the available options keeps the IDR 24,161,100 minimum protected."
request_163,8809583.4,affordable_with_plan,installments,2024-09-10:6692053.33|2024-10-11:6692053.33|2024-11-11:6692053.33,2024-11-15,reduce_to:event_15018:664050,"Use 3 installments of IDR 6,692,053.33, starting 2024-09-10. This leaves at least IDR 26,728,700 available."
request_164,27018000.0,affordable_with_plan,installments,2025-02-11:9366240|2025-03-11:9366240|2025-04-08:9366240,2025-02-04,none,"Use 3 installments of IDR 9,366,240, starting 2025-02-11. This leaves at least IDR 29,550,500 available."
request_165,68752.36,not_affordable,not_recommended,none,,none,"Do not make this payment by 2026-04-21. None of the available options keeps the INR 95,000 minimum protected."
request_166,2907.6,affordable_with_plan,installments,2024-12-03:1007.97|2025-01-03:1007.97|2025-02-03:1007.97,2024-12-03,none,"Use 3 installments of USD 1,007.97, starting 2024-12-03. This leaves at least USD 1,700 available."
request_167,43802.0,affordable_now,full_payment,2025-05-05:43802,2025-05-05,none,"Pay ZAR 43,802 today. This leaves at least ZAR 31,200 available over the next 90 days."
request_168,30444.55,affordable_with_plan,partial_payment,2026-01-07:30444.55|2026-01-15:18935.45,2026-01-15,none,"Pay INR 30,444.55 on 2026-01-07, then INR 18,935.45 on 2026-01-15. This leaves at least INR 114,400 available."
request_169,41976.0,affordable_now,full_payment,2024-03-04:41976,2024-03-04,none,"Pay ZAR 41,976 today. This leaves at least ZAR 18,700 available over the next 90 days."
request_170,29866830.92,affordable_with_plan,installments,2025-08-06:12804480|2025-09-03:12804480|2025-10-01:12804480,2025-09-15,none,"Use 3 installments of IDR 12,804,480, starting 2025-08-06. This leaves at least IDR 24,715,800 available."
request_171,33.03,not_affordable,not_recommended,none,,none,Do not make this payment by 2026-09-10. None of the available options keeps the EUR 500 minimum protected.
request_172,9077.61,affordable_with_plan,partial_payment,2024-06-05:9077.61|2024-06-15:1122.39,2024-06-15,none,"Pay ZAR 9,077.61 on 2024-06-05, then ZAR 1,122.39 on 2024-06-15. This leaves at least ZAR 27,200 available."
request_173,55371.35,affordable_with_plan,installments,2025-11-21:39173.33|2025-12-19:39173.33|2026-01-16:39173.33,2026-01-15,none,"Use 3 installments of INR 39,173.33, starting 2025-11-21. This leaves at least INR 79,100 available."
request_174,1075.25,affordable_with_plan,installments,2026-04-04:397.35|2026-05-04:397.35|2026-06-03:397.35,,reduce_to:event_16013:12.50,"Use 3 installments of EUR 397.35, starting 2026-04-04. This leaves at least EUR 700 available."
request_175,2346.3,affordable_now,full_payment,2024-09-06:2346.30,2024-09-06,none,"Pay EUR 2,346.30 today. This leaves at least EUR 1,700 available over the next 90 days."
request_176,26.37,not_affordable,not_recommended,none,,none,Do not make this payment by 2025-02-27. None of the available options keeps the EUR 600 minimum protected.
request_177,1017.6,affordable_now,full_payment,2026-01-05:1017.60,2026-01-05,none,"Pay USD 1,017.60 today. This leaves at least USD 1,300 available over the next 90 days."
request_178,2938.1,affordable_with_plan,installments,2024-12-07:1018.54|2025-01-07:1018.54|2025-02-07:1018.54,2024-12-07,none,"Use 3 installments of EUR 1,018.54, starting 2024-12-07. This leaves at least EUR 1,400 available."
request_179,6584779.79,affordable_later,wait,2025-07-15:41648000,2025-07-15,none,"Wait until 2025-07-15, then pay IDR 41,648,000 in full. Paying sooner would put the IDR 41,430,800 minimum at risk."
request_180,66500.0,affordable_now,full_payment,2026-07-06:66500,2026-07-06,none,"Pay INR 66,500 today. This leaves at least INR 37,300 available over the next 90 days."
request_181,283.68,not_affordable,not_recommended,none,,none,"Do not make this payment by 2024-04-07. None of the available options keeps the USD 2,000 minimum protected."
request_182,6301.4,not_affordable,not_recommended,none,,none,"Do not make this payment by 2025-09-26. None of the available options keeps the ZAR 31,100 minimum protected."
request_183,23505918.5,affordable_with_plan,installments,2026-04-10:9313546.67|2026-05-10:9313546.67|2026-06-09:9313546.67,2026-04-15,none,"Use 3 installments of IDR 9,313,546.67, starting 2026-04-10. This leaves at least IDR 11,878,300 available."
request_184,9722.28,not_affordable,not_recommended,none,,none,"Do not make this payment by 2024-07-30. None of the available options keeps the INR 110,800 minimum protected."
request_185,309.85,not_affordable,not_recommended,none,,none,"Do not make this payment by 2026-01-15. None of the available options keeps the EUR 1,300 minimum protected."
request_186,4869.95,affordable_later,wait,2026-03-15:26554,2026-03-15,none,"Wait until 2026-03-15, then pay ZAR 26,554 in full. Paying sooner would put the ZAR 22,000 minimum at risk."
request_187,37844.44,affordable_later,wait,2024-11-15:187500,2024-11-15,none,"Wait until 2024-11-15, then pay INR 187,500 in full. Paying sooner would put the INR 128,300 minimum at risk."
request_188,102.94,not_affordable,not_recommended,none,,none,Do not make this payment by 2025-03-04. None of the available options keeps the EUR 900 minimum protected.
request_189,488.4,affordable_now,full_payment,2026-07-04:488.40,2026-07-04,none,Pay EUR 488.40 today. This leaves at least EUR 400 available over the next 90 days.
request_190,474.59,affordable_later,wait,2025-02-15:2557.50,2025-02-15,none,"Wait until 2025-02-15, then pay EUR 2,557.50 in full. Paying sooner would put the EUR 1,600 minimum at risk."
request_191,664.4,affordable_now,full_payment,2025-05-03:664.40,2025-05-03,none,Pay EUR 664.40 today. This leaves at least EUR 500 available over the next 90 days.
request_192,107.8,not_affordable,not_recommended,none,,none,"Do not make this payment by 2026-05-11. None of the available options keeps the USD 1,000 minimum protected."
request_193,33.63,affordable_with_plan,installments,2024-03-21:420.23|2024-04-21:420.23|2024-05-22:420.23,2024-05-15,none,"Use 3 installments of EUR 420.23, starting 2024-03-21. This leaves at least EUR 1,000 available."
request_194,33083.27,affordable_later,wait,2025-10-23:132800,2025-10-23,none,"Wait until 2025-10-23, then pay INR 132,800 in full. Paying sooner would put the INR 113,600 minimum at risk."
request_195,990.25,affordable_with_plan,installments,2026-01-09:405.74|2026-02-08:405.74|2026-03-10:405.74,2026-02-15,none,"Use 3 installments of EUR 405.74, starting 2026-01-09. This leaves at least EUR 700 available."
request_196,762.3,affordable_now,full_payment,2024-06-03:762.30,2024-06-03,none,Pay EUR 762.30 today. This leaves at least EUR 500 available over the next 90 days.
request_197,50939000.0,affordable_with_plan,installments,2025-11-19:17658853.33|2025-12-17:17658853.33|2026-01-14:17658853.33,2025-11-05,none,"Use 3 installments of IDR 17,658,853.33, starting 2025-11-19. This leaves at least IDR 26,245,900 available."
request_198,185800.0,affordable_now,full_payment,2026-07-07:185800,2026-07-07,none,"Pay INR 185,800 today. This leaves at least INR 124,300 available over the next 90 days."
request_199,23674000.0,affordable_with_plan,installments,2024-09-07:8206986.67|2024-10-08:8206986.67|2024-11-08:8206986.67,2024-09-04,none,"Use 3 installments of IDR 8,206,986.67, starting 2024-09-07. This leaves at least IDR 25,359,500 available."
request_200,21717000.0,affordable_now,full_payment,2025-02-06:21717000,2025-02-06,none,"Pay IDR 21,717,000 today. This leaves at least IDR 20,114,600 available over the next 90 days."
request_201,23122198.09,not_affordable,not_recommended,none,,none,"Do not make this payment by 2026-05-16. None of the available options keeps the IDR 17,304,500 minimum protected."
request_202,123900.0,affordable_now,full_payment,2024-12-05:123900,2024-12-05,none,"Pay INR 123,900 today. This leaves at least INR 147,800 available over the next 90 days."
request_203,1442.1,affordable_with_plan,installments,2025-05-10:499.93|2025-06-07:499.93|2025-07-05:499.93,2025-05-07,none,"Use 3 installments of EUR 499.93, starting 2025-05-10. This leaves at least EUR 1,400 available."
request_204,572.06,affordable_later,wait,2026-01-15:588.74,2026-01-15,none,"Wait until 2026-01-15, then pay EUR 588.74 in full. Paying sooner would put the EUR 1,300 minimum at risk."
request_205,10621000.0,affordable_now,full_payment,2024-03-06:10621000,2024-03-06,none,"Pay IDR 10,621,000 today. This leaves at least IDR 13,994,300 available over the next 90 days."
request_206,1404.7,affordable_with_plan,installments,2025-08-03:486.96|2025-08-31:486.96|2025-09-28:486.96,2025-08-03,none,"Use 3 installments of EUR 486.96, starting 2025-08-03. This leaves at least EUR 900 available."
request_207,4516.76,affordable_later,wait,2026-07-15:11830,2026-07-15,none,"Wait until 2026-07-15, then pay ZAR 11,830 in full. Paying sooner would put the ZAR 13,600 minimum at risk."
request_208,3040802.28,affordable_later,wait,2024-06-15:4413000,2024-06-15,none,"Wait until 2024-06-15, then pay IDR 4,413,000 in full. Paying sooner would put the IDR 10,470,700 minimum at risk."
request_209,1660.21,not_affordable,not_recommended,none,,none,"Do not make this payment by 2025-11-25. None of the available options keeps the ZAR 18,400 minimum protected."
request_210,829.38,affordable_with_plan,partial_payment,2026-04-06:829.38|2026-04-15:530.64,2026-04-15,none,"Pay USD 829.38 on 2026-04-06, then USD 530.64 on 2026-04-15. This leaves at least USD 2,000 available."
request_211,252.02,affordable_later,wait,2024-11-15:1788.60,2024-11-15,none,"Wait until 2024-11-15, then pay EUR 1,788.60 in full. Paying sooner would put the EUR 1,500 minimum at risk."
request_212,4092864.87,not_affordable,not_recommended,none,,none,"Do not make this payment by 2025-02-28. None of the available options keeps the IDR 29,579,800 minimum protected."
request_213,2723.73,not_affordable,not_recommended,none,,none,"Do not make this payment by 2026-03-22. None of the available options keeps the USD 2,100 minimum protected."
request_214,46825.08,affordable_with_plan,partial_payment,2024-12-04:46825.08|2024-12-15:22924.92,2024-12-15,none,"Pay INR 46,825.08 on 2024-12-04, then INR 22,924.92 on 2024-12-15. This leaves at least INR 174,900 available."
request_215,29986.0,affordable_with_plan,installments,2025-05-09:10395.15|2025-06-06:10395.15|2025-07-04:10395.15,2025-05-06,none,"Use 3 installments of ZAR 10,395.15, starting 2025-05-09. This leaves at least ZAR 15,700 available."
request_216,483.1,affordable_later,wait,2026-09-15:3332.40,2026-09-15,none,"Wait until 2026-09-15, then pay USD 3,332.40 in full. Paying sooner would put the USD 1,800 minimum at risk."
request_217,19583.4,affordable_with_plan,installments,2024-03-19:12889.07|2024-04-19:12889.07|2024-05-20:12889.07,2024-05-15,none,"Use 3 installments of ZAR 12,889.07, starting 2024-03-19. This leaves at least ZAR 26,800 available."
request_218,24611852.52,affordable_with_plan,installments,2025-08-07:21195893.33|2025-09-04:21195893.33|2025-10-02:21195893.33,2025-09-15,none,"Use 3 installments of IDR 21,195,893.33, starting 2025-08-07. This leaves at least IDR 34,477,200 available."
request_219,0.0,not_affordable,not_recommended,none,,none,"Do not make this payment by 2026-06-13. None of the available options keeps the EUR 1,100 minimum protected."
request_220,72.35,not_affordable,not_recommended,none,,none,"Do not make this payment by 2024-07-03. None of the available options keeps the EUR 1,100 minimum protected."
request_221,109800.0,affordable_now,full_payment,2025-11-03:109800,2025-11-03,none,"Pay INR 109,800 today. This leaves at least INR 81,500 available over the next 90 days."
request_222,34078.0,affordable_now,full_payment,2026-01-05:34078,2026-01-05,none,"Pay ZAR 34,078 today. This leaves at least ZAR 27,300 available over the next 90 days."
request_223,898.7,affordable_now,full_payment,2024-09-07:898.70,2024-09-07,none,Pay EUR 898.70 today. This leaves at least EUR 800 available over the next 90 days.
request_224,10063394.35,affordable_with_plan,partial_payment,2025-02-04:10063394.35|2025-02-15:263605.65,2025-02-15,none,"Pay IDR 10,063,394.35 on 2025-02-04, then IDR 263,605.65 on 2025-02-15. This leaves at least IDR 22,187,600 available."
request_225,9590423.21,affordable_with_plan,installments,2026-07-20:7647120|2026-08-19:7647120|2026-09-18:7647120,2026-09-15,reduce_to:event_20649:314450,"Use 3 installments of IDR 7,647,120, starting 2026-07-20. This leaves at least IDR 17,670,700 available."
request_226,157000.0,affordable_now,full_payment,2024-12-03:157000,2024-12-03,none,"Pay INR 157,000 today. This leaves at least INR 209,400 available over the next 90 days."
request_227,0.0,not_affordable,not_recommended,none,,none,"Do not make this payment by 2025-06-20. None of the available options keeps the INR 62,900 minimum protected."
request_228,1601201.62,not_affordable,not_recommended,none,,none,"Do not make this payment by 2026-04-30. None of the available options keeps the IDR 26,191,200 minimum protected."
request_229,434.65,affordable_with_plan,installments,2024-03-18:529.29|2024-04-18:529.29|2024-05-19:529.29,2024-05-15,none,"Use 3 installments of EUR 529.29, starting 2024-03-18. This leaves at least EUR 1,000 available."
request_230,3537.6,affordable_now,full_payment,2025-08-06:3537.60,2025-08-06,none,"Pay EUR 3,537.60 today. This leaves at least EUR 2,000 available over the next 90 days."
request_231,31797.92,affordable_with_plan,installments,2026-01-06:12378.08|2026-02-05:12378.08|2026-03-07:12378.08,2026-01-15,none,"Use 3 installments of ZAR 12,378.08, starting 2026-01-06. This leaves at least ZAR 24,300 available."
request_232,631.96,not_affordable,not_recommended,none,,none,"Do not make this payment by 2024-08-15. None of the available options keeps the EUR 2,400 minimum protected."
request_233,3738334.07,affordable_with_plan,partial_payment,2025-11-07:3738334.07|2025-11-15:2502665.93,2025-11-15,none,"Pay IDR 3,738,334.07 on 2025-11-07, then IDR 2,502,665.93 on 2025-11-15. This leaves at least IDR 10,365,700 available."
request_234,183.19,affordable_later,wait,2026-09-15:1213.30,2026-09-15,none,"Wait until 2026-09-15, then pay EUR 1,213.30 in full. Paying sooner would put the EUR 700 minimum at risk."
request_235,967.2,affordable_now,full_payment,2024-09-06:967.20,2024-09-06,none,Pay USD 967.20 today. This leaves at least USD 700 available over the next 90 days.
request_236,5830036.96,not_affordable,not_recommended,none,,none,"Do not make this payment by 2025-02-23. None of the available options keeps the IDR 16,768,600 minimum protected."
request_237,22228678.78,not_affordable,not_recommended,none,,none,"Do not make this payment by 2026-05-20. None of the available options keeps the IDR 22,431,500 minimum protected."
request_238,663.6,affordable_with_plan,installments,2024-12-07:230.05|2025-01-07:230.05|2025-02-07:230.05,2024-12-07,none,"Use 3 installments of USD 230.05, starting 2024-12-07. This leaves at least USD 700 available."
request_239,642.0,affordable_now,full_payment,2025-05-04:642,2025-05-04,none,Pay USD 642 today. This leaves at least USD 600 available over the next 90 days.
request_240,13746.71,not_affordable,not_recommended,none,,none,"Do not make this payment by 2026-03-20. None of the available options keeps the INR 52,800 minimum protected."
request_241,21052000.0,affordable_with_plan,installments,2024-03-17:7298026.67|2024-04-17:7298026.67|2024-05-18:7298026.67,2024-03-03,none,"Use 3 installments of IDR 7,298,026.67, starting 2024-03-17. This leaves at least IDR 19,252,000 available."
request_242,0.0,not_affordable,not_recommended,none,,none,Do not make this payment by 2025-08-25. None of the available options keeps the EUR 600 minimum protected.
request_243,17468.0,affordable_now,full_payment,2026-07-07:17468,2026-07-07,none,"Pay ZAR 17,468 today. This leaves at least ZAR 19,900 available over the next 90 days."
request_244,49918.0,affordable_now,full_payment,2024-06-04:49918,2024-06-04,none,"Pay ZAR 49,918 today. This leaves at least ZAR 45,900 available over the next 90 days."
request_245,24005.91,affordable_later,wait,2026-01-15:128500,2026-01-15,none,"Wait until 2026-01-15, then pay INR 128,500 in full. Paying sooner would put the INR 94,600 minimum at risk."
request_246,64086.0,affordable_with_plan,installments,2026-04-03:22216.48|2026-05-03:22216.48|2026-06-02:22216.48,2026-04-03,none,"Use 3 installments of ZAR 22,216.48, starting 2026-04-03. This leaves at least ZAR 39,300 available."
request_247,1059.3,affordable_now,full_payment,2024-09-05:1059.30,2024-09-05,none,"Pay EUR 1,059.30 today. This leaves at least EUR 1,300 available over the next 90 days."
request_248,937.88,affordable_with_plan,partial_payment,2025-02-07:937.88|2025-04-15:1027.72,2025-04-15,none,"Pay USD 937.88 on 2025-02-07, then USD 1,027.72 on 2025-04-15. This leaves at least USD 1,300 available."
request_249,0.0,not_affordable,not_recommended,none,,none,Do not make this payment by 2026-03-15. None of the available options keeps the USD 600 minimum protected.
request_250,15440.17,not_affordable,not_recommended,none,,none,"Do not make this payment by 2025-01-18. None of the available options keeps the ZAR 35,300 minimum protected."
request_251,688.13,not_affordable,not_recommended,none,,none,"Do not make this payment by 2025-06-06. None of the available options keeps the EUR 1,300 minimum protected."
request_252,3988819.51,affordable_later,wait,2026-09-15:28082000,2026-09-15,none,"Wait until 2026-09-15, then pay IDR 28,082,000 in full. Paying sooner would put the IDR 15,152,200 minimum at risk."
request_253,1370.82,affordable_with_plan,installments,2024-03-21:984.60|2024-04-21:984.60|2024-05-22:984.60,2024-05-15,none,"Use 3 installments of EUR 984.60, starting 2024-03-21. This leaves at least EUR 2,300 available."
request_254,0.0,not_affordable,not_recommended,none,,none,"Do not make this payment by 2025-10-15. None of the available options keeps the USD 2,500 minimum protected."
request_255,750746.06,not_affordable,not_recommended,none,,none,"Do not make this payment by 2026-06-15. None of the available options keeps the IDR 9,813,900 minimum protected."
request_256,152799.25,affordable_with_plan,installments,2024-06-10:75816|2024-07-11:75816|2024-08-11:75816,2024-07-15,none,"Use 3 installments of INR 75,816, starting 2024-06-10. This leaves at least INR 168,600 available."
request_257,364.13,affordable_later,wait,2026-01-15:1352.40,2026-01-15,none,"Wait until 2026-01-15, then pay USD 1,352.40 in full. Paying sooner would put the USD 1,600 minimum at risk."
request_258,1113.6,affordable_now,full_payment,2026-01-07:1113.60,2026-01-07,none,"Pay USD 1,113.60 today. This leaves at least USD 500 available over the next 90 days."
request_259,211.88,affordable_later,wait,2024-11-15:935,2024-11-15,none,"Wait until 2024-11-15, then pay EUR 935 in full. Paying sooner would put the EUR 600 minimum at risk."
request_260,7026066.34,not_affordable,not_recommended,none,,none,"Do not make this payment by 2025-04-18. None of the available options keeps the IDR 20,727,700 minimum protected."
request_261,1830.4,affordable_now,full_payment,2026-07-03:1830.40,2026-07-03,none,"Pay EUR 1,830.40 today. This leaves at least EUR 1,500 available over the next 90 days."
request_262,9236000.0,affordable_now,full_payment,2024-12-05:9236000,2024-12-05,none,"Pay IDR 9,236,000 today. This leaves at least IDR 31,018,500 available over the next 90 days."
request_263,0.0,not_affordable,not_recommended,none,,none,"Do not make this payment by 2025-06-15. None of the available options keeps the ZAR 24,100 minimum protected."
request_264,23492.16,affordable_later,wait,2026-06-15:111300,2026-06-15,none,"Wait until 2026-06-15, then pay INR 111,300 in full. Paying sooner would put the INR 59,500 minimum at risk."
request_265,0.0,not_affordable,not_recommended,none,,none,"Do not make this payment by 2024-03-21. None of the available options keeps the INR 189,700 minimum protected."
request_266,770.25,affordable_with_plan,installments,2025-08-03:324.13|2025-08-31:324.13|2025-09-28:324.13,2025-09-15,none,"Use 3 installments of EUR 324.13, starting 2025-08-03. This leaves at least EUR 900 available."
request_267,1687.1,affordable_with_plan,installments,2026-01-08:667.33|2026-02-07:667.33|2026-03-09:667.33,2026-02-15,none,"Use 3 installments of EUR 667.33, starting 2026-01-08. This leaves at least EUR 1,500 available."
request_268,1041.5,affordable_with_plan,installments,2024-06-14:841.22|2024-07-15:841.22|2024-08-15:841.22,2024-07-15,none,"Use 3 installments of EUR 841.22, starting 2024-06-14. This leaves at least EUR 1,400 available."
request_269,9921.58,affordable_later,wait,2025-11-15:15490,2025-11-15,none,"Wait until 2025-11-15, then pay ZAR 15,490 in full. Paying sooner would put the ZAR 23,100 minimum at risk."
request_270,96.77,not_affordable,not_recommended,none,,none,"Do not make this payment by 2026-08-30. None of the available options keeps the USD 1,400 minimum protected."
request_271,13812.38,affordable_later,wait,2024-11-15:91300,2024-11-15,none,"Wait until 2024-11-15, then pay INR 91,300 in full. Paying sooner would put the INR 58,200 minimum at risk."
request_272,5415269.1,affordable_with_plan,installments,2025-02-12:4709466.67|2025-03-12:4709466.67|2025-04-09:4709466.67,2025-03-15,none,"Use 3 installments of IDR 4,709,466.67, starting 2025-02-12. This leaves at least IDR 7,508,600 available."
request_273,9628167.38,affordable_with_plan,partial_payment,2026-04-07:9628167.38|2026-04-15:6232832.62,2026-04-15,none,"Pay IDR 9,628,167.38 on 2026-04-07, then IDR 6,232,832.62 on 2026-04-15. This leaves at least IDR 18,774,600 available."
request_274,2186.45,affordable_with_plan,installments,2024-12-04:940.75|2025-01-04:940.75|2025-02-04:940.75,2025-01-15,none,"Use 3 installments of EUR 940.75, starting 2024-12-04. This leaves at least EUR 1,800 available."
request_275,15884000.0,affordable_now,full_payment,2025-05-06:15884000,2025-05-06,none,"Pay IDR 15,884,000 today. This leaves at least IDR 12,760,100 available over the next 90 days."
